cik,fiscal_year,enforced
0000002488,2010,0
0000002488,2011,0
0000002488,2016,0
0000003499,2017,0
0000003570,2016,0
0000004977,2016,0
0000004977,2017,0
0000004977,2018,0
0000006284,2016,1
0000006284,2017,1
0000007623,2016,0
0000007623,2017,0
0000007623,2018,0
0000009389,2016,0
0000010048,2016,0
0000010048,2017,0
0000010048,2018,0
0000010048,2019,0
0000010048,2020,0
0000010048,2021,0
0000010048,2024,0
0000010048,2025,0
0000016918,2024,0
0000016918,2025,0
0000016918,2026,0
0000020212,2016,0
0000022444,2016,0
0000022701,2016,0
0000022701,2022,0
0000022701,2023,0
0000022701,2024,0
0000022701,2025,0
0000023082,2015,1
0000023082,2017,1
0000023197,2016,0
0000023197,2017,0
0000023197,2024,0
0000023197,2025,0
0000023217,2023,0
0000023217,2024,0
0000023217,2025,0
0000023795,2016,0
0000023795,2017,0
0000023795,2018,0
0000023795,2019,0
0000023795,2022,0
0000023795,2025,0
0000025232,2016,0
0000025743,2016,0
0000025743,2021,0
0000025743,2022,0
0000025743,2023,0
0000025743,2024,0
0000025743,2025,0
0000027093,2016,0
0000027093,2021,0
0000027093,2022,0
0000027093,2023,0
0000027093,2024,0
0000027093,2025,0
0000028917,2017,0
0000029002,2016,0
0000029644,2017,0
0000029905,2016,0
0000030625,2016,0
0000031667,2023,0
0000031667,2024,0
0000031667,2025,0
0000031667,2026,0
0000034956,2021,0
0000034956,2022,0
0000034956,2023,0
0000036029,2016,0
0000036029,2017,0
0000036369,2013,1
0000039020,2016,0
0000040570,2021,0
0000042284,2010,1
0000042284,2011,1
0000042582,2014,1
0000042582,2016,1
0000043920,2015,0
0000045919,2016,0
0000045919,2017,0
0000045919,2018,0
0000045919,2019,0
0000045919,2020,0
0000045919,2023,0
0000046129,2016,0
0000050725,2016,0
0000050725,2017,0
0000052827,2016,0
0000055529,2017,0
0000055529,2018,0
0000056047,2016,0
0000056873,2017,0
0000056873,2018,0
0000058361,2017,0
0000061986,2016,0
0000064463,2022,0
0000064463,2023,0
0000064463,2024,0
0000064463,2025,0
0000065172,2017,0
0000065172,2018,0
0000065172,2019,0
0000065172,2021,0
0000065172,2026,0
0000065770,2016,0
0000065770,2017,0
0000065770,2018,0
0000065770,2020,0
0000065770,2021,0
0000065770,2022,0
0000065770,2023,0
0000066570,2016,0
0000067215,2016,0
0000069422,2017,0
0000069422,2024,0
0000069422,2025,0
0000069488,2016,0
0000070318,2016,0
0000071691,2016,0
0000072444,2016,0
0000072444,2017,0
0000072444,2018,0
0000072444,2019,0
0000072444,2022,0
0000072444,2023,0
0000072444,2024,0
0000072444,2025,0
0000073309,2016,0
0000075208,2012,1
0000075208,2013,1
0000075208,2014,1
0000075208,2016,1
0000075208,2017,1
0000076348,2010,1
0000078128,2016,0
0000085535,2017,0
0000086312,2016,0
0000088941,2024,0
0000089439,2016,0
0000091576,2016,0
0000092122,2016,0
0000093314,2016,0
0000093314,2017,0
0000093314,2018,0
0000093314,2019,0
0000093314,2020,0
0000093314,2021,0
0000093314,2022,0
0000093314,2023,0
0000093314,2024,0
0000093314,2025,0
0000093556,2016,0
0000096021,2017,0
0000097210,2016,0
0000097216,2016,0
0000098677,2016,0
0000101382,2016,0
0000101594,2016,0
0000103730,2016,0
0000103872,2015,1
0000103872,2017,1
0000104889,2016,0
0000105132,2017,0
0000105319,2016,0
0000105418,2016,0
0000105770,2016,0
0000108385,2017,0
0000108385,2019,0
0000108385,2026,0
0000109380,2016,0
0000109380,2025,0
0000110471,2016,0
0000215466,2016,0
0000225501,2010,1
0000230557,2016,0
0000230557,2018,0
0000277135,2020,0
0000314203,2016,0
0000314203,2020,0
0000314227,2024,0
0000314227,2025,0
0000314808,2020,0
0000315374,2018,0
0000315545,2016,0
0000315545,2017,0
0000315545,2018,0
0000315545,2021,0
0000315545,2022,0
0000315545,2023,0
0000315545,2024,0
0000315545,2025,0
0000315852,2016,0
0000315852,2020,0
0000315852,2021,0
0000318299,2016,0
0000318299,2017,0
0000318299,2021,0
0000318299,2022,0
0000318299,2023,0
0000318299,2024,0
0000318299,2025,0
0000319016,2013,0
0000319016,2014,0
0000319016,2015,0
0000319016,2016,0
0000319016,2019,0
0000319016,2020,0
0000319655,2024,0
0000319655,2025,0
0000319815,2014,1
0000319815,2015,1
0000319815,2018,1
0000320335,2016,0
0000354707,2016,0
0000354707,2024,0
0000354707,2025,0
0000355356,2011,1
0000357294,2016,0
0000357294,2017,0
0000700564,2016,0
0000700923,2016,0
0000715446,2016,0
0000715446,2017,0
0000716634,2020,0
0000716634,2021,0
0000716634,2022,0
0000716634,2024,0
0000716634,2025,0
0000716643,2016,0
0000720005,2016,0
0000721371,2016,0
0000721371,2017,0
0000722313,2020,0
0000723531,2017,0
0000723533,2013,0
0000723533,2015,0
0000723533,2016,0
0000723533,2017,0
0000723533,2018,0
0000723533,2022,0
0000723533,2023,0
0000723533,2024,0
0000723533,2025,0
0000723612,2016,0
0000725363,2020,0
0000725363,2021,0
0000725363,2022,0
0000725363,2024,0
0000725363,2025,0
0000726854,2017,0
0000726854,2020,0
0000726854,2022,0
0000727207,2010,0
0000727207,2015,0
0000727207,2016,0
0000727207,2022,0
0000727207,2023,0
0000727207,2024,0
0000727273,2016,0
0000727273,2020,0
0000727273,2021,0
0000727273,2022,0
0000727273,2023,0
0000727273,2024,0
0000727273,2025,0
0000729580,2016,0
0000729580,2017,0
0000732026,2016,0
0000738214,2011,0
0000738214,2012,0
0000738214,2021,0
0000738214,2022,0
0000738214,2023,0
0000738214,2024,0
0000738214,2025,0
0000740664,2023,0
0000740664,2024,0
0000740664,2025,0
0000748592,2021,0
0000748592,2022,0
0000748592,2023,0
0000754811,2016,0
0000754811,2017,0
0000760498,2016,0
0000760498,2017,0
0000761648,2016,0
0000761648,2017,0
0000764038,2016,0
0000764065,2016,0
0000764065,2017,0
0000764065,2019,0
0000764065,2020,0
0000764065,2022,0
0000764065,2023,0
0000764065,2025,0
0000764630,2011,0
0000764630,2012,0
0000764630,2017,0
0000764630,2018,0
0000764630,2020,0
0000764630,2021,0
0000764630,2022,0
0000764630,2023,0
0000764630,2025,0
0000768408,2017,0
0000768408,2019,0
0000768408,2020,0
0000768408,2021,0
0000768408,2022,0
0000768408,2023,0
0000768408,2024,0
0000768408,2025,0
0000771999,2025,0
0000772263,2023,0
0000772263,2024,0
0000772406,2017,0
0000773717,2016,0
0000773717,2018,0
0000773717,2019,0
0000773717,2021,0
0000773717,2022,0
0000773717,2023,0
0000773717,2024,0
0000773717,2025,0
0000774415,2022,0
0000774415,2023,0
0000774415,2024,0
0000774415,2025,0
0000785557,2016,0
0000788784,2016,0
0000789460,2016,0
0000789570,2016,0
0000790273,2020,0
0000790652,2010,1
0000790652,2011,1
0000790652,2012,1
0000790652,2019,1
0000790652,2021,1
0000790652,2022,1
0000790652,2023,1
0000790652,2024,1
0000791908,2016,0
0000791908,2017,0
0000791908,2018,0
0000791963,2016,0
0000793306,2021,0
0000793306,2022,0
0000793306,2023,0
0000793306,2024,0
0000793306,2025,0
0000797542,2016,0
0000797542,2021,0
0000797542,2024,0
0000797542,2025,0
0000797564,2015,0
0000797564,2016,0
0000797564,2017,0
0000797564,2018,0
0000797564,2019,0
0000797564,2022,0
0000797564,2023,0
0000797721,2017,0
0000800457,2016,0
0000801337,2016,0
0000803578,2022,0
0000803578,2023,0
0000803578,2024,0
0000803578,2025,0
0000804328,2020,0
0000808450,2017,1
0000811222,2013,1
0000811222,2014,1
0000811222,2015,1
0000811222,2016,1
0000811222,2021,1
0000811222,2022,1
0000811222,2023,1
0000811222,2024,1
0000811222,2025,1
0000812796,2021,0
0000812796,2022,0
0000812796,2023,0
0000812796,2024,0
0000812796,2025,0
0000814586,2021,1
0000814926,2020,0
0000814926,2021,0
0000814926,2022,0
0000814926,2023,0
0000814926,2024,0
0000814926,2025,0
0000820318,2017,0
0000820771,2016,0
0000820771,2018,0
0000820771,2019,0
0000820771,2020,0
0000820771,2021,0
0000820771,2022,0
0000820771,2023,0
0000820771,2024,0
0000820771,2025,0
0000822416,2016,0
0000822746,2014,0
0000822746,2016,0
0000822746,2017,0
0000822746,2020,0
0000822746,2021,0
0000822746,2022,0
0000826253,2023,1
0000826253,2024,1
0000827187,2026,0
0000827876,2021,0
0000827876,2022,0
0000827876,2023,0
0000828146,2015,0
0000828146,2016,0
0000829323,2019,0
0000831001,2018,0
0000831001,2020,0
0000831001,2025,0
0000831259,2016,0
0000832428,2016,0
0000832489,2016,0
0000832489,2017,0
0000832489,2018,0
0000832489,2019,0
0000832489,2020,0
0000832489,2021,0
0000832489,2022,0
0000832489,2023,0
0000832489,2024,0
0000832489,2025,0
0000834365,2024,0
0000834365,2025,0
0000836690,2016,0
0000836690,2017,0
0000836690,2018,0
0000836690,2019,0
0000837852,2016,1
0000837852,2017,1
0000837852,2018,1
0000837852,2019,1
0000837852,2020,1
0000837852,2021,1
0000837852,2022,1
0000837852,2023,1
0000845819,2016,0
0000845819,2017,0
0000845819,2024,0
0000845819,2025,0
0000845877,2016,0
0000845877,2017,0
0000845877,2018,0
0000845877,2020,0
0000849401,2017,0
0000849401,2024,0
0000849401,2025,0
0000856984,2021,0
0000856984,2022,0
0000856984,2024,0
0000856984,2025,0
0000857005,2016,0
0000857005,2017,0
0000859747,2016,0
0000859747,2017,0
0000860546,2016,0
0000860731,2016,0
0000861459,2016,0
0000862022,2018,0
0000862022,2019,0
0000862022,2020,0
0000862022,2021,0
0000862022,2022,0
0000862022,2023,0
0000862022,2024,0
0000862022,2025,0
0000862668,2016,0
0000862668,2017,0
0000862668,2018,0
0000862668,2019,0
0000862668,2020,0
0000862668,2021,0
0000862668,2022,0
0000862668,2023,0
0000862668,2024,0
0000862668,2025,0
0000862861,2017,0
0000862861,2019,0
0000862861,2024,0
0000863894,2023,0
0000863894,2024,0
0000863894,2025,0
0000864240,2016,0
0000866273,2016,0
0000866273,2017,0
0000866374,2018,0
0000866374,2019,0
0000866374,2021,0
0000866374,2025,0
0000866439,2020,0
0000866439,2021,0
0000866439,2022,0
0000866439,2023,0
0000866439,2024,0
0000866439,2025,0
0000866787,2017,0
0000867665,2015,0
0000867665,2016,0
0000867665,2020,0
0000867665,2021,0
0000867687,2010,0
0000867687,2011,0
0000869531,2010,0
0000869531,2011,0
0000869531,2012,0
0000869531,2013,0
0000869531,2014,0
0000869531,2015,0
0000869531,2016,0
0000869531,2017,0
0000872912,2016,0
0000872912,2017,0
0000872912,2018,0
0000872912,2019,0
0000872912,2020,0
0000872912,2021,0
0000872912,2022,0
0000872912,2023,0
0000872912,2024,0
0000872912,2025,0
0000874015,2016,0
0000874238,2017,0
0000874396,2016,0
0000874396,2023,0
0000876343,2016,0
0000876343,2017,0
0000877860,2022,0
0000877860,2023,0
0000877860,2024,0
0000877860,2025,0
0000879101,2016,0
0000879169,2016,0
0000879911,2016,0
0000879911,2017,0
0000879911,2018,0
0000879911,2019,0
0000879911,2020,0
0000879911,2021,0
0000879911,2022,0
0000879911,2023,0
0000879911,2024,0
0000879911,2025,0
0000880117,2017,0
0000880446,2014,1
0000880641,2016,0
0000880807,2017,0
0000882154,2013,1
0000882154,2014,1
0000882154,2015,1
0000882184,2016,0
0000882291,2017,0
0000882291,2025,0
0000882291,2026,0
0000883107,2016,0
0000883107,2019,0
0000883107,2020,0
0000883107,2022,0
0000883569,2016,0
0000884144,2016,0
0000884144,2017,0
0000884624,2020,0
0000884624,2021,0
0000884940,2015,1
0000884940,2016,1
0000884940,2017,1
0000884940,2020,1
0000885322,2012,1
0000885322,2013,1
0000885725,2016,0
0000885725,2017,0
0000885725,2018,0
0000885725,2020,0
0000885725,2021,0
0000885725,2023,0
0000885725,2024,0
0000886163,2016,0
0000886475,2010,0
0000887151,2011,0
0000887151,2012,0
0000887151,2014,0
0000887151,2024,0
0000887151,2025,0
0000887247,2013,1
0000887247,2014,1
0000887247,2015,1
0000887247,2016,1
0000887247,2017,1
0000887247,2018,1
0000887247,2019,1
0000887247,2020,1
0000887247,2021,1
0000887247,2022,1
0000887359,2016,0
0000887359,2017,0
0000887359,2018,0
0000887359,2019,0
0000887359,2020,0
0000887359,2021,0
0000887359,2022,0
0000887359,2023,0
0000887359,2024,0
0000887359,2025,0
0000888491,2020,0
0000888491,2021,0
0000888491,2022,0
0000888491,2023,0
0000888491,2024,0
0000888491,2025,0
0000889353,2022,0
0000889353,2023,0
0000889353,2024,0
0000889353,2025,0
0000890394,2016,0
0000890394,2017,0
0000890394,2021,0
0000890394,2022,0
0000890394,2024,0
0000890821,2017,0
0000890821,2018,0
0000890821,2019,0
0000890821,2022,0
0000890821,2023,0
0000890821,2024,0
0000890821,2025,0
0000891482,2019,0
0000891532,2016,0
0000892553,2021,0
0000893538,2016,0
0000894158,2016,0
0000894158,2017,0
0000894158,2019,0
0000894158,2023,0
0000894158,2024,0
0000894158,2025,0
0000894501,2021,0
0000894501,2022,0
0000894501,2023,0
0000894501,2024,0
0000894501,2025,0
0000895126,2016,0
0000895126,2020,0
0000895126,2021,0
0000895417,2016,0
0000895419,2025,0
0000896622,2016,0
0000897448,2016,0
0000897448,2017,0
0000897448,2019,0
0000897448,2020,0
0000897448,2021,0
0000897448,2022,0
0000897448,2023,0
0000897448,2024,0
0000897448,2025,0
0000899460,2016,0
0000899460,2017,0
0000899460,2018,0
0000899460,2019,0
0000899460,2020,0
0000899715,2016,0
0000900075,2017,0
0000906107,2016,0
0000907242,2016,0
0000907254,2020,0
0000907254,2021,0
0000907254,2022,0
0000907654,2016,0
0000907654,2017,0
0000907654,2018,0
0000907654,2019,0
0000907654,2020,0
0000907654,2021,0
0000907654,2022,0
0000907654,2023,0
0000910073,2016,0
0000910073,2023,0
0000910329,2017,1
0000910406,2016,1
0000910606,2016,0
0000910612,2016,0
0000910612,2020,0
0000910612,2021,0
0000911216,2022,0
0000911216,2023,0
0000911216,2024,0
0000911216,2025,0
0000912242,2019,0
0000912242,2020,0
0000912242,2023,0
0000912242,2024,0
0000912595,2016,0
0000912766,2019,0
0000912766,2020,0
0000913142,2016,0
0000914139,2016,0
0000914139,2017,0
0000914139,2018,0
0000914139,2019,0
0000914139,2020,0
0000914139,2021,0
0000914139,2022,0
0000914139,2023,0
0000914139,2024,0
0000914139,2025,0
0000914475,2016,0
0000915779,2017,0
0000915779,2018,0
0000915779,2019,0
0000915779,2020,0
0000915779,2021,0
0000915779,2022,0
0000915779,2023,0
0000915779,2024,0
0000915779,2025,0
0000915912,2016,0
0000917251,2019,0
0000917251,2020,0
0000917251,2025,0
0000917520,2016,0
0000918251,2017,0
0000918541,2016,0
0000918541,2019,0
0000918541,2020,0
0000918573,2010,0
0000918573,2011,0
0000918573,2012,0
0000918573,2013,0
0000918573,2016,0
0000918573,2024,0
0000918573,2025,0
0000918646,2022,0
0000920371,2016,0
0000921082,2016,0
0000921114,2016,0
0000921114,2019,0
0000921114,2020,0
0000921114,2021,0
0000921114,2022,0
0000921114,2023,0
0000921114,2024,0
0000921114,2025,0
0000921299,2016,0
0000921299,2024,0
0000921299,2025,0
0000921582,2016,0
0000921638,2021,0
0000921825,2022,0
0000921825,2024,0
0000922521,2014,1
0000922521,2015,1
0000922521,2016,1
0000922521,2017,1
0000922521,2018,1
0000922521,2019,1
0000922521,2022,1
0000922621,2016,0
0000923601,2024,0
0000923601,2025,0
0000924168,2016,0
0000924168,2017,0
0000924168,2018,0
0000924168,2019,0
0000924168,2020,0
0000924168,2021,0
0000924168,2022,0
0000924168,2023,0
0000924168,2024,0
0000924168,2025,0
0000926617,2017,0
0000926617,2018,0
0000926617,2019,0
0000926617,2022,0
0000926617,2023,0
0000926617,2024,0
0000926617,2025,0
0000928054,2021,0
0000928054,2022,0
0000928054,2023,0
0000929008,2016,0
0000930245,2016,0
0000930245,2021,0
0000930245,2022,0
0000930245,2023,0
0000930245,2024,0
0000930245,2025,0
0000932021,2021,0
0000932021,2022,0
0000932021,2023,0
0000932021,2024,0
0000932021,2025,0
0000934549,2016,0
0000939930,2015,1
0000939930,2017,1
0000939930,2020,1
0000939930,2021,1
0000940942,2016,0
0000944695,2016,0
0000944765,2014,1
0000944809,2016,0
0000945828,2011,0
0000945828,2012,0
0000945828,2013,0
0000945828,2015,0
0000945828,2017,0
0000945828,2018,0
0000945828,2019,0
0000945828,2020,0
0000945841,2016,0
0000945841,2017,0
0000945841,2018,0
0000946486,2015,0
0000946486,2016,0
0000946486,2017,0
0000946486,2018,0
0000946486,2021,0
0000946486,2022,0
0000946486,2023,0
0000946486,2024,0
0000946644,2024,0
0000946644,2025,0
0000947484,2016,0
0001000697,2022,0
0001000697,2023,0
0001000697,2024,0
0001001233,2016,0
0001001233,2022,0
0001001233,2023,0
0001001233,2024,0
0001001233,2025,0
0001001316,2022,0
0001001614,2016,0
0001002225,2014,0
0001004724,2016,0
0001004724,2017,0
0001004724,2018,0
0001004724,2019,0
0001004724,2022,0
0001004724,2025,0
0001004980,2018,0
0001004980,2019,0
0001004980,2020,0
0001006028,2016,0
0001006028,2017,0
0001006028,2018,0
0001006028,2021,0
0001006028,2022,0
0001009759,2017,0
0001009759,2023,0
0001009759,2024,0
0001009759,2025,0
0001010552,2014,1
0001011006,2016,1
0001011060,2021,0
0001011060,2022,0
0001011060,2023,0
0001011060,2024,0
0001011060,2025,0
0001011064,2010,1
0001013237,2016,0
0001013272,2018,0
0001013871,2016,0
0001014052,2023,0
0001014763,2010,0
0001014763,2011,0
0001014763,2012,0
0001014763,2016,0
0001014763,2017,0
0001014763,2018,0
0001014763,2019,0
0001014763,2021,0
0001014763,2022,0
0001014763,2023,0
0001014763,2025,0
0001015328,2016,0
0001015328,2017,0
0001016178,2016,0
0001016504,2016,0
0001016504,2017,0
0001017655,2021,0
0001017655,2022,0
0001017655,2023,0
0001017655,2024,0
0001017655,2025,0
0001020214,2016,0
0001020214,2020,0
0001020214,2021,0
0001020569,2016,0
0001021561,2016,0
0001021635,2016,0
0001021860,2016,0
0001021917,2015,0
0001021917,2022,0
0001021917,2023,0
0001021917,2024,0
0001021917,2025,0
0001023731,2017,0
0001025771,2016,0
0001025771,2019,0
0001025771,2020,0
0001026214,2020,0
0001026214,2021,0
0001031296,2016,0
0001031296,2017,0
0001032220,2017,0
0001035443,2018,0
0001035443,2019,0
0001035443,2020,0
0001035443,2021,0
0001035443,2022,0
0001035443,2023,0
0001038277,2016,0
0001038277,2017,0
0001038277,2021,0
0001038277,2022,0
0001038277,2023,0
0001038277,2024,0
0001038277,2025,0
0001039684,2016,0
0001040130,2026,0
0001040470,2016,0
0001040482,2010,0
0001041061,2016,0
0001041657,2016,0
0001041657,2017,0
0001041934,2025,0
0001042773,2016,0
0001042773,2018,0
0001042773,2019,0
0001043000,2016,0
0001043000,2020,0
0001043000,2021,0
0001043000,2022,0
0001043000,2023,0
0001043186,2017,0
0001043186,2018,0
0001043186,2019,0
0001043186,2020,0
0001043186,2021,0
0001045742,2017,0
0001045742,2019,0
0001045742,2021,0
0001046311,2016,0
0001049502,2016,0
0001049521,2016,0
0001049521,2017,0
0001050446,2025,0
0001052354,2016,0
0001055160,2016,0
0001056696,2016,0
0001060822,2016,0
0001060822,2023,0
0001060822,2024,0
0001061983,2016,0
0001063761,2018,0
0001063761,2021,0
0001063761,2022,0
0001063761,2025,0
0001066194,2016,0
0001068689,2018,0
0001068689,2019,0
0001068689,2020,0
0001068689,2021,0
0001068689,2022,0
0001068689,2023,0
0001069157,2019,0
0001069157,2020,0
0001069157,2021,0
0001070081,2016,0
0001070423,2016,0
0001072379,2014,1
0001072379,2015,1
0001072379,2017,1
0001072379,2018,1
0001072379,2020,1
0001072379,2021,1
0001072379,2022,1
0001072379,2023,1
0001072379,2024,1
0001072379,2025,1
0001074828,2021,0
0001074828,2022,0
0001074828,2023,0
0001074828,2024,0
0001074871,2016,0
0001074871,2020,0
0001074871,2021,0
0001074871,2022,0
0001074871,2023,0
0001074871,2024,0
0001076930,2016,0
0001080448,2016,0
0001080448,2025,0
0001081834,2010,0
0001081834,2011,0
0001081834,2012,0
0001081834,2013,0
0001081834,2021,0
0001081834,2022,0
0001081834,2023,0
0001081938,2021,0
0001081938,2022,0
0001081938,2023,0
0001081938,2024,0
0001081938,2025,0
0001082554,2018,0
0001082554,2019,0
0001082554,2020,0
0001082733,2016,0
0001082733,2018,0
0001082733,2019,0
0001082733,2022,0
0001082733,2023,0
0001082733,2024,0
0001082733,2025,0
0001083301,2016,0
0001083301,2021,0
0001083301,2022,0
0001083301,2023,0
0001083743,2016,0
0001083743,2017,0
0001083743,2024,0
0001083743,2025,0
0001084267,2019,0
0001084267,2021,0
0001084267,2022,0
0001084267,2023,0
0001084267,2024,0
0001084267,2025,0
0001085277,2019,0
0001085277,2020,0
0001085277,2021,0
0001085277,2022,0
0001085277,2023,0
0001085277,2024,0
0001085277,2025,0
0001086600,2016,0
0001086745,2016,0
0001086745,2017,0
0001086745,2024,0
0001088856,2016,0
0001088856,2017,0
0001089815,2019,0
0001089815,2020,0
0001089815,2023,0
0001089815,2024,0
0001089815,2025,0
0001090012,2016,0
0001091596,2016,0
0001091596,2017,0
0001091596,2018,0
0001091596,2021,0
0001091596,2022,0
0001091596,2023,0
0001091596,2024,0
0001091596,2025,0
0001092492,2010,1
0001092492,2011,1
0001094032,2013,0
0001094032,2014,0
0001094032,2021,0
0001094032,2022,0
0001094038,2016,0
0001094038,2017,0
0001094038,2020,0
0001094038,2021,0
0001094038,2022,0
0001094038,2023,0
0001094038,2024,0
0001094038,2025,0
0001094831,2016,0
0001094831,2017,0
0001095981,2016,0
0001095981,2017,0
0001095981,2018,0
0001095981,2019,0
0001095981,2020,0
0001095981,2021,0
0001095981,2022,0
0001095981,2023,0
0001095981,2024,0
0001095981,2025,0
0001097864,2016,0
0001098482,2011,0
0001098482,2012,0
0001098972,2016,0
0001098972,2017,0
0001098972,2019,0
0001098972,2020,0
0001098972,2022,0
0001098972,2023,0
0001098972,2024,0
0001098972,2025,0
0001099234,2015,0
0001099234,2016,0
0001099234,2017,0
0001099574,2010,1
0001099574,2011,1
0001099574,2012,1
0001099574,2013,1
0001099574,2014,1
0001099574,2015,1
0001099574,2016,1
0001100682,2016,0
0001100682,2020,0
0001101026,2015,0
0001101026,2016,0
0001101026,2017,0
0001101026,2018,0
0001101026,2019,0
0001101026,2020,0
0001101026,2021,0
0001101026,2022,0
0001101026,2023,0
0001101026,2024,0
0001101433,2016,0
0001101433,2025,0
0001103090,2013,0
0001103090,2014,0
0001103090,2015,0
0001103090,2016,0
0001103090,2017,0
0001103090,2018,0
0001103090,2019,0
0001103384,2012,0
0001103384,2013,0
0001104038,2016,0
0001104038,2019,0
0001104506,2016,0
0001104506,2017,0
0001106644,2019,0
0001106644,2020,0
0001106644,2021,0
0001106644,2022,0
0001106644,2023,0
0001106644,2024,0
0001106861,2025,0
0001110607,2021,0
0001111485,2021,0
0001111485,2022,0
0001111485,2023,0
0001111485,2024,0
0001111485,2025,0
0001113232,2016,0
0001113313,2015,0
0001113313,2018,0
0001113313,2021,0
0001113313,2022,0
0001113313,2023,0
0001113313,2024,0
0001113809,2016,0
0001114936,2011,0
0001114936,2012,0
0001117228,2010,0
0001117228,2011,0
0001117228,2012,0
0001117228,2013,0
0001117228,2014,0
0001117228,2022,0
0001117228,2023,0
0001119643,2016,0
0001119643,2017,0
0001119643,2018,0
0001119643,2019,0
0001119643,2021,0
0001119643,2024,0
0001120970,2016,0
0001120970,2017,0
0001120970,2018,0
0001120970,2019,0
0001120970,2020,0
0001120970,2021,0
0001120970,2022,0
0001120970,2023,0
0001120970,2024,0
0001120970,2025,0
0001121795,2021,0
0001121795,2022,0
0001121795,2024,0
0001122020,2010,0
0001122020,2011,0
0001122020,2012,0
0001122020,2013,0
0001122020,2014,0
0001122020,2015,0
0001122020,2026,0
0001123494,2022,0
0001123494,2023,0
0001123494,2024,0
0001123494,2025,0
0001124105,2016,0
0001124105,2017,0
0001124105,2018,0
0001124105,2019,0
0001124105,2020,0
0001124105,2021,0
0001124105,2022,0
0001124198,2016,0
0001124524,2016,0
0001125376,2016,0
0001126533,2010,0
0001127475,2014,0
0001127475,2017,0
0001127475,2018,0
0001127475,2019,0
0001127475,2020,0
0001127475,2021,0
0001127475,2022,0
0001127475,2023,0
0001127475,2024,0
0001127475,2025,0
0001128928,2016,0
0001129928,2025,0
0001130126,2010,1
0001130166,2016,0
0001130166,2017,0
0001130166,2018,0
0001130166,2019,0
0001130166,2020,0
0001130166,2021,0
0001130166,2022,0
0001130166,2023,0
0001130166,2024,0
0001130166,2025,0
0001130310,2016,0
0001132509,2015,0
0001132509,2016,0
0001132509,2017,0
0001132509,2018,0
0001132509,2019,0
0001132509,2020,0
0001132509,2021,0
0001132509,2022,0
0001132509,2023,0
0001132509,2024,0
0001133311,2016,0
0001133311,2021,0
0001133311,2022,0
0001133311,2023,0
0001133416,2016,0
0001133416,2024,0
0001133416,2025,0
0001133818,2022,0
0001133818,2023,0
0001133818,2024,0
0001133869,2018,0
0001133869,2021,0
0001133869,2022,0
0001133869,2023,0
0001133869,2025,0
0001134115,2021,0
0001134115,2023,0
0001134115,2024,0
0001134115,2025,0
0001134765,2021,0
0001134765,2022,0
0001134765,2023,0
0001134765,2024,0
0001134765,2025,0
0001140215,2021,0
0001140215,2022,0
0001140536,2021,0
0001140859,2019,0
0001141284,2023,0
0001141284,2024,0
0001141284,2025,0
0001142801,2011,0
0001142801,2012,0
0001142801,2013,0
0001142801,2014,0
0001142801,2015,0
0001142801,2021,0
0001143513,2016,0
0001143513,2017,0
0001144879,2022,0
0001144879,2024,0
0001144879,2025,0
0001145197,2016,0
0001145986,2017,0
0001156041,2025,0
0001157601,2016,0
0001157601,2018,0
0001157601,2019,0
0001157601,2020,0
0001157601,2021,0
0001157601,2022,0
0001158114,2016,0
0001158172,2017,0
0001158780,2016,0
0001158780,2017,0
0001158780,2018,0
0001158780,2025,0
0001159036,2016,0
0001160084,2010,1
0001160308,2016,0
0001160791,2023,0
0001160791,2024,0
0001160791,2025,0
0001162896,2016,0
0001162896,2021,0
0001162896,2022,0
0001162896,2023,0
0001166708,2019,0
0001166708,2021,0
0001166708,2022,0
0001166708,2025,0
0001167419,2016,0
0001167419,2017,0
0001167419,2018,0
0001167419,2020,0
0001167419,2021,0
0001167419,2022,0
0001167419,2023,0
0001167419,2024,0
0001167419,2025,0
0001171486,2016,0
0001172069,2010,0
0001172069,2011,0
0001172069,2014,0
0001172069,2023,0
0001172069,2024,0
0001172069,2025,0
0001173204,2017,0
0001173420,2019,0
0001173420,2020,0
0001173420,2021,0
0001173420,2022,0
0001173420,2023,0
0001173420,2024,0
0001173420,2025,0
0001173489,2016,0
0001175151,2016,0
0001175151,2019,0
0001175151,2020,0
0001175151,2023,0
0001175151,2024,0
0001175151,2025,0
0001175454,2016,0
0001175680,2014,1
0001175680,2015,1
0001175680,2016,1
0001175680,2017,1
0001175680,2018,1
0001175680,2019,1
0001175680,2020,1
0001175680,2021,1
0001175680,2022,1
0001175680,2023,1
0001175680,2024,1
0001175680,2025,1
0001176309,2023,0
0001176309,2025,0
0001178253,2016,0
0001178253,2022,0
0001178670,2016,0
0001190370,2021,0
0001190370,2022,0
0001190370,2023,0
0001190370,2024,0
0001190370,2025,0
0001191359,2015,0
0001192448,2016,0
0001192448,2017,0
0001192448,2018,0
0001192448,2019,0
0001192448,2020,0
0001192448,2021,0
0001201792,2016,0
0001205922,2018,0
0001205922,2019,0
0001205922,2020,0
0001205922,2021,0
0001205922,2022,0
0001205922,2023,0
0001205922,2024,0
0001211805,2020,0
0001212545,2016,0
0001213809,2024,0
0001218683,2016,0
0001218683,2017,0
0001218683,2019,0
0001218683,2021,0
0001218683,2024,0
0001218683,2025,0
0001224608,2016,0
0001224608,2020,0
0001224608,2021,0
0001227636,2023,0
0001227636,2024,0
0001227636,2025,0
0001231457,2022,0
0001232582,2016,0
0001232582,2020,0
0001232582,2025,0
0001234006,2016,0
0001236275,2016,0
0001259429,2016,0
0001262104,2016,0
0001262104,2017,0
0001262823,2016,0
0001263364,2019,0
0001263364,2020,0
0001263364,2021,0
0001265521,2023,0
0001265521,2024,0
0001265521,2025,0
0001267238,2020,0
0001267238,2021,0
0001267238,2023,0
0001267395,2014,0
0001267395,2016,0
0001267395,2017,0
0001275014,2016,0
0001275101,2016,0
0001278752,2016,0
0001278752,2017,0
0001279620,2016,0
0001279620,2025,0
0001279704,2016,0
0001279704,2017,0
0001279704,2018,0
0001279704,2019,0
0001279704,2022,0
0001279704,2023,0
0001279704,2024,0
0001279704,2025,0
0001279715,2016,0
0001279715,2025,0
0001280263,2017,0
0001280776,2016,0
0001280776,2017,0
0001280776,2018,0
0001280776,2019,0
0001280776,2021,0
0001280776,2024,0
0001282224,2017,0
0001282224,2018,0
0001282224,2019,0
0001282224,2020,0
0001282224,2021,0
0001282631,2016,0
0001283699,2016,0
0001285550,2016,0
0001285550,2018,0
0001285550,2021,0
0001285550,2022,0
0001285550,2023,0
0001285550,2024,0
0001285550,2025,0
0001286613,2016,0
0001286613,2021,0
0001286613,2022,0
0001286613,2023,0
0001286613,2024,0
0001286613,2025,0
0001288847,2016,0
0001289223,2011,0
0001289701,2010,1
0001295514,2021,0
0001295514,2022,0
0001295514,2023,0
0001295514,2024,0
0001295810,2016,0
0001295810,2020,0
0001295810,2022,0
0001295810,2023,0
0001295810,2025,0
0001304409,2015,0
0001304409,2016,0
0001304409,2017,0
0001304409,2018,0
0001304409,2019,0
0001304409,2021,0
0001304409,2024,0
0001308027,2021,0
0001308027,2022,0
0001308027,2023,0
0001308027,2024,0
0001308027,2025,0
0001308547,2017,0
0001310488,2017,0
0001310488,2018,0
0001310488,2019,0
0001310488,2020,0
0001310488,2021,0
0001310488,2022,0
0001310488,2023,0
0001310488,2024,0
0001310488,2025,0
0001314196,2018,0
0001314196,2024,0
0001316835,2016,0
0001318605,2016,0
0001319161,2016,0
0001320350,2022,0
0001320947,2014,1
0001320947,2015,1
0001321741,2017,0
0001324948,2017,0
0001325702,2016,0
0001325964,2016,0
0001326110,2017,0
0001326110,2018,0
0001326110,2019,0
0001326110,2020,0
0001326110,2021,0
0001326110,2023,0
0001326110,2024,0
0001326110,2025,0
0001326200,2016,0
0001326200,2017,0
0001326200,2018,0
0001326200,2019,0
0001326200,2020,0
0001326200,2024,0
0001326200,2025,0
0001326396,2012,1
0001326396,2013,1
0001326396,2015,1
0001327273,2021,0
0001327273,2022,0
0001327273,2023,0
0001327273,2024,0
0001327273,2025,0
0001327688,2017,0
0001327688,2018,0
0001329606,2016,0
0001329606,2017,0
0001329606,2018,0
0001329606,2022,0
0001329606,2024,0
0001329606,2025,0
0001331421,2022,0
0001331421,2023,0
0001331421,2024,0
0001331421,2025,0
0001332551,2016,0
0001334933,2017,0
0001335190,2014,1
0001335190,2015,1
0001341766,2021,1
0001341766,2022,1
0001342916,2023,0
0001342916,2024,0
0001342916,2025,0
0001343465,2015,0
0001343465,2017,0
0001343465,2018,0
0001343465,2020,0
0001343465,2021,0
0001343465,2022,0
0001345126,2025,0
0001347178,2016,0
0001347858,2020,0
0001347858,2023,0
0001347858,2024,0
0001347858,2025,0
0001349706,2021,0
0001349706,2022,0
0001349706,2023,0
0001349976,2012,0
0001350102,2016,0
0001350102,2017,0
0001350102,2018,0
0001350102,2020,0
0001350102,2021,0
0001350102,2022,0
0001350102,2023,0
0001350102,2024,0
0001350102,2025,0
0001350653,2016,0
0001350653,2019,0
0001355096,2025,0
0001355790,2016,0
0001355790,2017,0
0001355790,2018,0
0001355790,2019,0
0001355790,2022,0
0001355790,2023,0
0001355790,2024,0
0001355790,2025,0
0001356090,2016,0
0001356090,2018,0
0001356090,2019,0
0001356090,2020,0
0001356090,2023,0
0001356090,2024,0
0001356090,2025,0
0001356093,2022,0
0001356093,2023,0
0001356093,2024,0
0001356093,2025,0
0001358633,2016,0
0001358633,2017,0
0001358633,2018,0
0001358633,2020,0
0001358633,2021,0
0001358633,2022,0
0001358633,2023,0
0001358633,2024,0
0001358633,2025,0
0001360334,2010,0
0001360334,2011,0
0001360334,2012,0
0001360334,2016,0
0001360442,2016,0
0001360442,2017,0
0001360442,2018,0
0001360442,2019,0
0001360442,2020,0
0001360442,2021,0
0001360442,2022,0
0001360442,2023,0
0001360442,2024,0
0001360442,2025,0
0001361538,2016,0
0001361658,2016,0
0001361658,2017,0
0001362516,2016,0
0001362516,2017,0
0001362516,2018,0
0001362516,2019,0
0001362988,2016,0
0001363598,2010,0
0001366868,2016,0
0001367993,2025,0
0001368514,2016,0
0001368514,2017,0
0001368514,2020,0
0001368514,2021,0
0001370637,2016,0
0001370946,2016,0
0001372299,2016,0
0001372299,2017,0
0001372299,2018,0
0001372299,2019,0
0001372299,2020,0
0001372299,2021,0
0001372299,2022,0
0001372299,2023,0
0001372299,2024,0
0001372414,2014,0
0001374310,2021,0
0001374310,2022,0
0001374339,2022,0
0001374339,2023,0
0001374339,2024,0
0001374339,2025,0
0001375365,2017,0
0001376321,2021,0
0001376321,2022,0
0001376321,2023,0
0001376321,2024,0
0001376321,2025,0
0001376339,2018,0
0001376339,2019,0
0001376339,2020,0
0001376339,2021,0
0001376339,2022,0
0001376793,2020,0
0001376793,2021,0
0001376793,2022,0
0001376793,2023,0
0001376793,2024,0
0001376793,2025,0
0001376986,2017,0
0001377121,2016,0
0001377167,2012,0
0001377167,2013,0
0001377167,2014,0
0001377167,2015,0
0001377167,2021,0
0001377630,2020,0
0001377630,2021,0
0001377630,2022,0
0001377789,2016,0
0001378140,2016,0
0001378140,2017,0
0001378140,2018,0
0001378140,2019,0
0001378140,2020,0
0001378325,2025,0
0001379006,2016,0
0001379006,2022,0
0001379006,2023,0
0001379006,2024,0
0001379006,2025,0
0001380277,2010,1
0001380277,2012,1
0001380277,2015,1
0001382219,2011,0
0001382219,2012,0
0001382219,2013,0
0001382219,2014,0
0001382219,2015,0
0001384365,2010,0
0001384365,2011,0
0001384365,2012,0
0001384365,2013,0
0001384365,2014,0
0001384365,2015,0
0001385799,2010,0
0001385799,2011,0
0001385799,2012,0
0001385799,2013,0
0001385799,2014,0
0001385799,2020,0
0001386570,2020,0
0001387467,2016,0
0001388658,2016,0
0001388658,2020,0
0001388658,2021,0
0001391135,2016,0
0001391135,2017,0
0001391135,2018,0
0001391135,2019,0
0001391135,2020,0
0001391135,2021,0
0001391135,2022,0
0001391135,2023,0
0001391135,2024,0
0001391135,2025,0
0001393311,2016,0
0001393781,2020,0
0001393781,2021,0
0001393781,2022,0
0001393781,2023,0
0001393781,2025,0
0001395848,2015,0
0001395848,2016,0
0001395937,2016,0
0001396009,2016,0
0001396536,2016,0
0001396536,2017,0
0001396536,2018,0
0001396536,2019,0
0001396536,2020,0
0001396536,2021,0
0001396536,2022,0
0001396536,2023,0
0001396536,2024,0
0001396536,2025,0
0001397183,2013,0
0001397183,2021,0
0001397795,2010,0
0001397795,2012,0
0001397795,2020,0
0001397795,2021,0
0001397795,2024,0
0001399352,2013,1
0001399352,2014,1
0001399352,2015,1
0001399352,2016,1
0001399352,2017,1
0001399352,2018,1
0001399352,2019,1
0001399352,2020,1
0001399352,2021,1
0001399352,2022,1
0001400891,2016,0
0001400891,2017,0
0001400891,2018,0
0001400891,2019,0
0001401040,2019,0
0001401667,2016,0
0001401667,2017,0
0001401667,2018,0
0001401835,2016,0
0001401835,2017,0
0001401835,2018,0
0001401835,2022,0
0001401835,2023,0
0001401835,2024,0
0001401835,2025,0
0001402436,2016,0
0001402436,2017,0
0001402829,2021,0
0001402829,2022,0
0001402829,2023,0
0001402829,2024,0
0001404593,2010,0
0001404593,2011,0
0001404912,2016,0
0001408198,2016,0
0001408597,2010,0
0001408597,2011,0
0001408710,2016,0
0001409375,2017,0
0001409493,2016,0
0001409970,2016,0
0001410428,2018,0
0001410428,2019,0
0001410428,2020,0
0001410428,2024,0
0001410428,2025,0
0001410738,2023,0
0001411690,2018,0
0001411690,2019,0
0001411690,2020,0
0001411690,2022,0
0001411690,2023,0
0001411690,2024,0
0001411690,2025,0
0001412126,2016,0
0001412126,2017,0
0001412126,2023,0
0001412126,2024,0
0001412126,2025,0
0001414767,2017,0
0001414767,2018,0
0001414767,2024,0
0001414767,2025,0
0001414932,2017,0
0001415404,2023,0
0001415404,2025,0
0001415744,2016,0
0001415744,2022,0
0001415744,2023,0
0001415744,2024,0
0001415744,2025,0
0001416697,2014,0
0001416697,2016,0
0001416697,2017,0
0001416697,2019,0
0001416697,2020,0
0001416697,2021,0
0001416697,2022,0
0001416697,2023,0
0001416697,2024,0
0001418135,2016,0
0001419041,2018,0
0001419041,2019,0
0001419041,2020,0
0001419041,2021,0
0001419041,2022,0
0001419041,2023,0
0001419041,2024,0
0001419041,2025,0
0001419275,2016,0
0001419275,2017,0
0001419275,2018,0
0001419275,2019,0
0001419275,2020,0
0001419275,2023,0
0001419275,2024,0
0001419275,2025,0
0001419554,2016,0
0001419554,2020,0
0001419554,2021,0
0001419554,2022,0
0001419554,2023,0
0001419554,2024,0
0001419793,2016,0
0001419793,2018,0
0001419793,2020,0
0001419793,2021,0
0001419793,2022,0
0001419793,2023,0
0001419793,2025,0
0001420108,2010,0
0001420108,2011,0
0001420108,2012,0
0001420108,2013,0
0001420108,2014,0
0001420108,2015,0
0001420108,2016,0
0001420520,2021,0
0001420520,2022,0
0001420520,2023,0
0001420520,2024,0
0001420520,2025,0
0001420525,2014,0
0001421901,2010,0
0001421901,2011,0
0001421901,2013,0
0001421901,2014,0
0001422142,2016,0
0001422142,2017,0
0001422892,2025,1
0001424864,2016,0
0001424864,2017,0
0001424864,2020,0
0001424864,2021,0
0001424864,2022,0
0001424864,2023,0
0001424864,2024,0
0001424864,2025,0
0001429393,2016,0
0001429393,2017,0
0001429393,2018,0
0001429393,2019,0
0001429393,2020,0
0001429393,2021,0
0001429393,2022,0
0001429393,2023,0
0001429393,2024,0
0001429393,2025,0
0001429764,2016,0
0001431888,2012,0
0001431888,2013,0
0001433551,2021,0
0001433607,2016,0
0001433607,2017,0
0001433607,2018,0
0001433607,2019,0
0001433607,2022,0
0001433607,2024,0
0001434524,2023,0
0001434647,2016,0
0001434647,2017,0
0001434647,2018,0
0001434647,2019,0
0001434647,2023,0
0001434647,2024,0
0001434743,2011,0
0001434743,2012,0
0001434768,2010,0
0001434868,2016,0
0001435064,2022,0
0001435064,2023,0
0001435181,2019,0
0001435181,2020,0
0001435181,2021,0
0001435181,2022,0
0001437071,2016,0
0001437107,2016,0
0001437107,2017,0
0001437750,2016,0
0001437750,2017,0
0001437750,2018,0
0001437750,2019,0
0001437750,2020,0
0001437750,2021,0
0001437750,2022,0
0001437750,2023,0
0001437750,2024,0
0001437750,2025,0
0001438461,2016,0
0001438461,2017,0
0001438461,2018,0
0001438461,2019,0
0001438461,2020,0
0001438461,2021,0
0001438461,2022,0
0001438461,2023,0
0001438461,2024,0
0001438461,2025,0
0001438943,2016,0
0001438943,2017,0
0001438943,2018,0
0001438943,2024,0
0001441362,2010,0
0001441362,2011,0
0001441362,2014,0
0001442236,2016,0
0001442492,2016,0
0001442492,2022,0
0001442492,2025,0
0001443818,2010,1
0001443818,2011,1
0001446159,2016,0
0001446159,2017,0
0001446159,2019,0
0001446159,2023,0
0001446159,2024,0
0001446896,2010,0
0001446896,2011,0
0001446896,2012,0
0001446896,2013,0
0001447362,2019,0
0001447362,2023,0
0001448705,2015,0
0001448705,2016,0
0001448705,2017,0
0001448705,2018,0
0001448705,2019,0
0001448705,2020,0
0001448705,2023,0
0001449792,2016,0
0001451448,2014,0
0001451448,2015,0
0001451448,2016,0
0001451448,2017,0
0001451448,2018,0
0001451448,2019,0
0001451448,2021,0
0001451448,2022,0
0001451505,2016,0
0001454124,2010,0
0001454124,2011,0
0001454124,2012,0
0001454124,2017,0
0001459417,2016,0
0001459417,2023,0
0001463101,2016,0
0001463101,2017,0
0001463972,2019,0
0001463972,2023,0
0001463972,2024,0
0001463972,2025,0
0001464423,2016,0
0001465872,2015,1
0001465872,2016,1
0001467761,2022,0
0001467761,2023,0
0001467761,2024,0
0001467761,2025,0
0001469443,2016,0
0001469443,2017,0
0001469443,2018,0
0001469443,2019,0
0001469443,2021,0
0001469443,2022,0
0001469443,2023,0
0001469443,2024,0
0001469443,2025,0
0001471727,2016,0
0001471727,2017,0
0001471727,2018,0
0001471727,2019,0
0001471727,2020,0
0001471727,2021,0
0001471727,2022,0
0001471727,2023,0
0001471727,2024,0
0001471781,2016,0
0001471781,2020,0
0001471781,2022,0
0001471781,2023,0
0001471781,2024,0
0001471781,2025,0
0001474098,2020,0
0001474098,2021,0
0001476150,2016,0
0001477845,2019,0
0001477845,2022,0
0001477845,2023,0
0001477845,2024,0
0001477845,2025,0
0001478535,2011,0
0001478535,2012,0
0001479094,2016,0
0001479615,2024,0
0001479615,2025,0
0001481443,2022,0
0001481443,2023,0
0001481443,2025,0
0001482512,2016,0
0001482541,2016,0
0001482541,2017,0
0001482541,2019,0
0001482541,2020,0
0001482541,2026,0
0001484674,2011,0
0001484674,2012,0
0001484674,2013,0
0001484674,2014,0
0001484769,2021,0
0001484769,2022,0
0001484769,2023,0
0001484769,2024,0
0001486159,2020,0
0001487091,2011,0
0001487091,2012,0
0001487091,2020,0
0001487428,2024,0
0001487428,2025,0
0001488039,2016,0
0001488039,2017,0
0001488039,2018,0
0001488039,2019,0
0001488039,2020,0
0001488039,2021,0
0001488039,2022,0
0001488039,2023,0
0001488039,2024,0
0001488039,2025,0
0001488139,2016,0
0001489393,2016,0
0001490054,2014,0
0001490054,2015,0
0001490054,2016,0
0001490054,2017,0
0001490054,2018,0
0001490054,2019,0
0001490054,2020,0
0001490054,2021,0
0001490054,2022,0
0001490054,2023,0
0001490161,2020,0
0001490161,2021,0
0001490161,2022,0
0001490161,2023,0
0001490161,2024,0
0001490161,2025,0
0001490281,2016,0
0001490281,2017,0
0001490281,2018,0
0001490281,2022,0
0001490281,2023,0
0001490349,2017,0
0001490873,2015,0
0001490873,2016,0
0001490873,2017,0
0001490873,2018,0
0001490873,2019,0
0001490873,2020,0
0001490873,2024,0
0001490873,2025,0
0001490873,2026,0
0001491419,2016,0
0001491419,2017,0
0001491419,2019,0
0001491419,2020,0
0001491419,2021,0
0001491419,2023,0
0001491419,2024,0
0001492091,2014,1
0001492091,2015,1
0001492091,2016,1
0001492091,2017,1
0001492091,2019,1
0001492091,2020,1
0001492091,2021,1
0001492091,2022,1
0001492298,2020,0
0001492298,2021,0
0001493594,2017,0
0001494558,2025,0
0001495240,2016,0
0001495584,2025,0
0001496099,2016,0
0001496690,2011,0
0001496690,2021,0
0001496690,2022,0
0001496690,2023,0
0001497230,2023,0
0001497230,2024,0
0001498067,2016,0
0001498067,2017,0
0001498067,2018,0
0001498148,2017,0
0001498148,2018,0
0001498148,2019,0
0001498148,2020,0
0001498148,2021,0
0001498148,2022,0
0001498148,2024,0
0001498372,2011,0
0001498372,2013,0
0001498372,2021,0
0001498372,2022,0
0001498372,2023,0
0001498372,2024,0
0001498372,2025,0
0001498382,2017,0
0001498382,2018,0
0001498382,2020,0
0001498382,2021,0
0001498382,2022,0
0001498382,2023,0
0001498382,2025,0
0001498710,2024,0
0001498710,2025,0
0001499268,2014,0
0001499268,2015,0
0001500435,2020,0
0001500435,2024,0
0001500435,2025,0
0001503274,2017,0
0001503518,2014,0
0001503518,2015,0
0001503802,2016,0
0001503802,2024,0
0001503802,2025,0
0001504747,2014,1
0001504747,2015,1
0001505155,2016,0
0001505155,2017,0
0001506251,2016,0
0001506251,2017,0
0001506251,2018,0
0001506251,2020,0
0001506251,2023,0
0001506251,2024,0
0001506251,2025,0
0001506307,2016,0
0001506983,2016,0
0001506983,2017,0
0001506983,2022,0
0001507605,2016,0
0001507605,2017,0
0001507605,2018,0
0001507605,2023,0
0001507605,2024,0
0001509470,2016,0
0001509470,2017,0
0001509470,2018,0
0001509470,2019,0
0001509470,2020,0
0001509745,2016,0
0001509745,2017,0
0001509745,2018,0
0001509745,2019,0
0001509745,2020,0
0001509745,2021,0
0001509745,2022,0
0001509745,2023,0
0001509745,2024,0
0001509745,2025,0
0001509957,2016,0
0001509957,2017,0
0001509957,2021,0
0001509957,2022,0
0001509957,2023,0
0001510295,2016,0
0001511337,2016,0
0001512228,2018,0
0001512228,2019,0
0001512228,2020,0
0001512228,2021,0
0001512228,2022,0
0001512228,2023,0
0001512228,2024,0
0001512228,2025,0
0001512762,2016,0
0001512922,2016,0
0001512922,2017,0
0001512922,2018,0
0001512922,2019,0
0001512922,2020,0
0001512922,2021,0
0001512922,2022,0
0001512922,2023,0
0001512922,2024,0
0001512922,2025,0
0001513161,2014,1
0001513761,2020,0
0001513761,2021,0
0001513761,2022,0
0001513761,2023,0
0001513761,2024,0
0001513761,2025,0
0001514732,2014,1
0001514732,2015,1
0001514732,2016,1
0001514732,2017,1
0001514732,2019,1
0001515156,2016,0
0001515156,2020,0
0001515156,2021,0
0001515317,2016,0
0001515317,2017,0
0001515317,2018,0
0001515317,2019,0
0001515317,2021,0
0001515317,2022,0
0001515317,2023,0
0001515317,2024,0
0001515317,2025,0
0001516551,2016,0
0001516551,2017,0
0001516551,2018,0
0001516551,2019,0
0001516551,2020,0
0001516551,2021,0
0001516551,2022,0
0001516551,2025,0
0001519472,2023,0
0001519472,2024,0
0001519472,2025,0
0001520118,2016,0
0001520118,2017,0
0001520118,2018,0
0001520118,2019,0
0001520118,2020,0
0001520118,2021,0
0001520118,2022,0
0001520118,2023,0
0001520118,2024,0
0001520118,2025,0
0001520262,2016,0
0001520262,2020,0
0001520262,2021,0
0001520262,2022,0
0001520262,2023,0
0001520262,2024,0
0001520592,2012,1
0001520592,2013,1
0001520592,2014,1
0001520592,2015,1
0001520592,2016,1
0001521036,2016,0
0001522704,2012,1
0001522704,2013,1
0001522704,2015,1
0001522767,2019,0
0001525306,2016,0
0001525306,2017,0
0001525306,2018,0
0001525306,2020,0
0001525306,2021,0
0001525306,2022,0
0001525306,2023,0
0001525306,2024,0
0001525769,2020,0
0001526113,2016,0
0001526119,2016,0
0001526119,2017,0
0001526119,2018,0
0001526119,2019,0
0001526119,2022,0
0001526119,2023,0
0001526119,2024,0
0001526119,2025,0
0001526185,2012,0
0001527541,2016,0
0001527590,2016,0
0001527599,2016,0
0001527599,2017,0
0001527599,2023,0
0001527599,2024,0
0001527599,2025,0
0001527613,2016,0
0001527613,2017,0
0001527613,2018,0
0001527613,2019,0
0001527613,2022,0
0001528172,2013,0
0001528172,2014,0
0001528172,2015,0
0001528172,2016,0
0001528172,2017,0
0001528172,2018,0
0001528172,2019,0
0001528172,2020,0
0001528172,2021,0
0001528172,2022,0
0001528188,2012,0
0001528188,2022,0
0001528188,2023,0
0001528287,2025,0
0001529113,2017,0
0001529113,2018,0
0001529113,2020,0
0001529113,2023,0
0001529864,2016,0
0001530766,2016,0
0001530766,2017,0
0001530766,2018,0
0001530766,2020,0
0001530766,2021,0
0001530766,2022,0
0001530766,2023,0
0001530766,2024,0
0001530766,2025,0
0001530804,2016,0
0001532390,2014,0
0001532390,2015,0
0001532390,2016,0
0001532390,2017,0
0001532390,2018,0
0001532390,2020,0
0001532390,2021,0
0001532390,2022,0
0001532390,2023,0
0001532619,2023,0
0001532619,2024,0
0001532619,2025,0
0001533040,2016,0
0001533040,2017,0
0001533040,2023,0
0001533040,2024,0
0001533040,2025,0
0001533998,2016,0
0001533998,2018,0
0001533998,2019,0
0001533998,2022,0
0001534154,2016,0
0001534154,2023,0
0001534254,2016,0
0001534708,2019,0
0001534708,2021,0
0001534708,2022,0
0001534708,2024,0
0001534708,2025,0
0001538495,2014,0
0001538495,2015,0
0001538495,2021,0
0001538495,2022,0
0001538495,2023,0
0001539029,2016,0
0001539029,2018,0
0001539029,2019,0
0001539029,2020,0
0001539029,2024,0
0001540684,2016,0
0001540684,2017,0
0001540684,2018,0
0001540684,2020,0
0001540684,2021,0
0001544227,2016,0
0001544227,2021,0
0001544227,2022,0
0001544227,2023,0
0001544227,2024,0
0001544227,2025,0
0001549084,2018,0
0001549084,2019,0
0001549084,2020,0
0001549084,2022,0
0001549084,2023,0
0001549084,2024,0
0001549084,2025,0
0001549595,2020,0
0001549595,2021,0
0001549595,2022,0
0001549595,2023,0
0001549595,2024,0
0001549595,2025,0
0001549631,2016,0
0001549631,2019,0
0001549631,2024,0
0001549631,2025,0
0001550956,2012,0
0001550956,2013,0
0001550956,2014,0
0001551901,2016,0
0001551986,2017,0
0001551986,2018,0
0001551986,2019,0
0001551986,2020,0
0001551986,2021,0
0001551986,2022,0
0001552000,2016,0
0001552189,2015,0
0001552189,2021,0
0001552189,2022,0
0001552189,2023,0
0001553264,2015,0
0001553264,2022,0
0001554594,2013,0
0001554818,2023,0
0001554818,2024,0
0001554818,2025,0
0001556593,2016,0
0001556753,2013,0
0001557746,2019,0
0001557746,2020,0
0001557746,2025,0
0001557798,2016,0
0001557798,2018,0
0001557798,2022,0
0001557798,2023,0
0001558740,2021,0
0001558740,2023,0
0001558740,2024,0
0001558740,2025,0
0001560258,2019,0
0001560258,2020,0
0001560258,2021,0
0001560258,2022,0
0001560258,2023,0
0001560258,2025,0
0001560293,2022,0
0001560293,2023,0
0001560293,2024,0
0001560293,2025,0
0001560327,2016,0
0001560385,2016,0
0001560672,2016,0
0001562401,2016,0
0001562528,2016,0
0001564708,2017,0
0001565228,2015,0
0001565228,2016,0
0001565228,2024,0
0001568628,2021,0
0001568628,2022,0
0001569187,2016,0
0001569340,2014,0
0001569340,2015,0
0001569340,2017,0
0001569340,2018,0
0001569340,2019,0
0001569340,2020,0
0001569340,2021,0
0001569340,2022,0
0001569340,2023,0
0001569340,2024,0
0001570562,2017,0
0001570562,2018,0
0001570562,2019,0
0001570562,2020,0
0001570562,2021,0
0001570562,2022,0
0001570562,2023,0
0001570562,2024,0
0001570562,2025,0
0001570937,2016,0
0001570937,2017,0
0001570937,2020,0
0001570937,2022,0
0001570937,2023,0
0001570937,2024,0
0001570937,2025,0
0001571776,2016,0
0001571949,2018,0
0001571949,2019,0
0001571949,2020,0
0001571949,2022,0
0001571949,2023,0
0001571949,2024,0
0001571949,2025,0
0001573516,2016,0
0001574085,2020,0
0001574094,2022,0
0001574094,2023,0
0001574094,2024,0
0001574094,2025,0
0001574235,2016,0
0001574235,2017,0
0001574235,2018,0
0001575858,2016,0
0001575858,2017,0
0001575858,2021,0
0001575858,2022,0
0001575858,2023,0
0001575858,2024,0
0001575858,2025,0
0001575965,2016,0
0001575965,2018,0
0001575965,2019,0
0001575965,2020,0
0001575965,2021,0
0001576018,2016,0
0001576197,2015,0
0001576197,2016,0
0001576197,2019,0
0001576197,2021,0
0001576197,2022,0
0001576197,2023,0
0001576427,2016,0
0001576885,2025,0
0001577445,2017,0
0001577445,2018,0
0001577670,2016,0
0001579157,2017,0
0001579241,2016,0
0001579428,2016,0
0001579684,2016,0
0001579684,2017,0
0001580149,2016,0
0001580149,2021,0
0001580149,2022,0
0001580149,2023,0
0001580149,2024,0
0001580149,2025,0
0001580262,2014,0
0001580262,2015,0
0001580262,2016,0
0001580262,2017,0
0001580262,2018,0
0001580262,2019,0
0001580262,2020,0
0001580262,2021,0
0001580262,2022,0
0001580262,2023,0
0001580608,2014,1
0001580608,2016,1
0001580670,2016,0
0001581091,2016,0
0001581091,2020,0
0001584207,2016,0
0001584207,2017,0
0001584207,2018,0
0001584207,2019,0
0001584207,2020,0
0001584207,2021,0
0001585608,2016,0
0001585608,2017,0
0001585608,2018,0
0001585608,2019,0
0001585608,2021,0
0001585608,2022,0
0001585608,2023,0
0001585608,2024,0
0001585608,2025,0
0001588014,2017,0
0001588014,2021,0
0001589149,2016,0
0001589149,2018,0
0001589149,2020,0
0001589149,2021,0
0001589149,2022,0
0001589149,2023,0
0001589149,2024,0
0001589149,2025,0
0001589150,2021,0
0001589150,2022,0
0001589150,2023,0
0001589150,2025,0
0001589526,2016,0
0001590364,2016,0
0001590715,2014,0
0001590715,2016,0
0001590715,2017,0
0001590715,2023,0
0001590715,2024,0
0001590715,2025,0
0001590750,2016,0
0001590750,2019,0
0001590750,2020,0
0001590750,2021,0
0001590750,2022,0
0001590750,2023,0
0001590750,2024,0
0001590750,2025,0
0001590895,2016,0
0001592016,2019,0
0001592386,2016,0
0001593549,2016,0
0001594204,2016,0
0001594204,2017,0
0001594204,2021,0
0001594204,2022,0
0001594204,2023,0
0001594204,2024,0
0001594204,2025,0
0001594968,2023,0
0001594968,2024,0
0001594968,2025,0
0001596961,2021,0
0001596961,2023,0
0001596961,2024,0
0001596961,2025,0
0001597033,2016,0
0001598646,2016,0
0001598646,2017,0
0001598646,2018,0
0001598646,2019,0
0001598646,2020,0
0001598646,2021,0
0001598646,2022,0
0001598646,2023,0
0001598646,2024,0
0001598646,2025,0
0001599298,2020,0
0001599298,2021,0
0001599298,2023,0
0001599407,2014,0
0001599407,2015,0
0001599407,2016,0
0001599407,2017,0
0001599407,2022,0
0001599407,2023,0
0001599407,2024,0
0001599407,2025,0
0001599617,2016,0
0001600983,2021,0
0001600983,2022,0
0001600983,2023,0
0001600983,2024,0
0001600983,2025,0
0001601485,2020,0
0001601485,2021,0
0001601485,2022,0
0001601485,2023,0
0001601485,2024,0
0001601485,2025,0
0001602409,2017,0
0001602409,2018,0
0001602409,2019,0
0001602409,2021,0
0001602409,2022,0
0001602409,2023,0
0001602409,2024,0
0001602409,2025,0
0001602409,2026,0
0001602658,2021,0
0001603454,2021,0
0001603454,2022,0
0001603454,2023,0
0001603454,2024,0
0001603793,2017,0
0001603793,2021,0
0001604191,2021,0
0001604191,2022,0
0001604191,2023,0
0001604191,2024,0
0001604191,2025,0
0001604665,2016,0
0001604821,2016,0
0001605331,2016,0
0001605331,2021,0
0001605331,2022,0
0001605331,2023,0
0001605331,2024,0
0001605331,2025,0
0001605481,2016,0
0001605481,2021,0
0001605888,2022,0
0001605888,2024,0
0001605888,2025,0
0001606163,2019,0
0001606909,2016,0
0001606909,2017,0
0001606909,2018,0
0001606909,2019,0
0001606909,2020,0
0001606909,2021,0
0001606909,2022,0
0001606909,2023,0
0001606909,2024,0
0001606909,2025,0
0001608092,2020,0
0001608092,2021,0
0001608092,2022,0
0001608092,2023,0
0001609253,2016,0
0001609253,2020,0
0001609258,2016,0
0001609258,2017,0
0001609258,2018,0
0001609258,2019,0
0001609258,2020,0
0001609258,2021,0
0001609258,2022,0
0001609258,2023,0
0001609258,2024,0
0001609258,2025,0
0001609711,2016,0
0001609804,2021,0
0001610820,2022,0
0001610820,2025,0
0001610853,2017,0
0001610853,2018,0
0001610853,2019,0
0001610853,2020,0
0001610853,2021,0
0001610853,2022,0
0001610853,2023,0
0001610853,2024,0
0001610853,2025,0
0001611983,2016,0
0001612720,2021,0
0001612720,2022,0
0001612720,2023,0
0001612720,2024,0
0001612720,2025,0
0001615165,2022,0
0001615165,2023,0
0001615165,2024,0
0001615165,2025,0
0001615219,2016,0
0001615219,2019,0
0001615219,2020,0
0001615219,2021,0
0001615219,2022,0
0001615219,2023,0
0001615219,2024,0
0001615219,2025,0
0001616156,2016,0
0001616156,2017,0
0001616156,2018,0
0001616156,2019,0
0001616156,2020,0
0001616156,2022,0
0001616156,2023,0
0001616156,2024,0
0001616156,2025,0
0001616543,2016,0
0001616543,2017,0
0001616543,2018,0
0001616543,2019,0
0001616543,2020,0
0001616543,2021,0
0001616543,2022,0
0001616543,2023,0
0001616543,2024,0
0001616543,2025,0
0001616736,2016,0
0001616736,2017,0
0001616736,2018,0
0001616736,2021,0
0001616736,2022,0
0001616736,2023,0
0001617640,2016,0
0001617640,2017,0
0001620393,2016,0
0001621227,2016,0
0001621227,2019,0
0001621227,2020,0
0001621227,2021,0
0001621227,2024,0
0001621672,2021,0
0001621672,2022,0
0001621672,2023,0
0001621672,2024,0
0001621672,2025,0
0001622194,2016,0
0001622229,2019,0
0001622536,2015,0
0001622996,2016,0
0001622996,2017,0
0001622996,2018,0
0001622996,2019,0
0001622996,2020,0
0001622996,2021,0
0001622996,2022,0
0001622996,2023,0
0001622996,2024,0
0001622996,2025,0
0001625101,2016,0
0001625101,2017,0
0001625101,2019,0
0001625101,2021,0
0001626878,2016,0
0001627611,2015,0
0001627611,2016,0
0001627611,2021,0
0001628063,2017,0
0001628063,2022,0
0001628063,2023,0
0001628063,2024,0
0001628063,2025,0
0001628808,2024,0
0001628808,2025,0
0001630176,2016,0
0001630176,2017,0
0001630176,2019,0
0001630176,2020,0
0001630176,2021,0
0001630176,2022,0
0001630176,2023,0
0001630176,2024,0
0001630176,2025,0
0001630472,2017,0
0001630805,2016,0
0001630805,2017,0
0001630805,2018,0
0001630805,2019,0
0001630805,2020,0
0001630805,2021,0
0001630805,2023,0
0001630805,2024,0
0001630805,2025,0
0001632121,2016,0
0001632121,2017,0
0001632121,2018,0
0001632121,2019,0
0001632121,2020,0
0001632121,2021,0
0001632121,2022,0
0001632121,2023,0
0001632121,2024,0
0001632121,2025,0
0001632127,2016,0
0001633336,2016,0
0001633931,2016,0
0001633978,2016,0
0001634117,2023,0
0001634117,2024,0
0001635077,2023,0
0001635077,2024,0
0001635581,2016,0
0001635581,2017,0
0001635965,2015,0
0001635965,2016,0
0001635965,2018,0
0001636282,2021,0
0001636282,2022,0
0001636282,2023,0
0001636282,2024,0
0001636282,2025,0
0001637147,2024,0
0001637147,2025,0
0001638097,2021,0
0001638097,2022,0
0001638097,2023,0
0001638097,2024,0
0001638097,2025,0
0001639691,2018,0
0001639691,2019,0
0001639691,2020,0
0001639691,2021,0
0001639691,2022,0
0001639691,2023,0
0001639691,2024,0
0001639691,2025,0
0001640266,2016,0
0001640266,2017,0
0001640266,2018,0
0001640266,2019,0
0001640384,2016,0
0001640384,2017,0
0001640384,2018,0
0001640384,2019,0
0001640384,2020,0
0001640384,2022,0
0001640384,2023,0
0001640384,2024,0
0001640384,2025,0
0001642365,2015,0
0001642365,2021,0
0001642365,2022,0
0001643154,2020,0
0001643154,2021,0
0001643154,2022,0
0001643154,2023,0
0001643154,2024,0
0001643154,2025,0
0001643303,2025,0
0001643721,2016,0
0001643721,2018,0
0001643721,2019,0
0001643721,2020,0
0001643721,2021,0
0001643721,2022,0
0001643721,2023,0
0001643721,2024,0
0001643721,2025,0
0001643953,2025,0
0001645460,2022,0
0001645460,2023,0
0001645460,2024,0
0001645460,2025,0
0001646188,2018,0
0001647088,2016,0
0001647088,2017,0
0001647822,2016,0
0001647822,2017,0
0001647822,2022,0
0001647822,2023,0
0001648960,2025,0
0001650101,2016,0
0001650101,2017,0
0001650101,2021,0
0001650101,2025,0
0001651721,2023,0
0001651721,2024,0
0001651721,2025,0
0001651992,2019,0
0001651992,2020,0
0001651992,2021,0
0001651992,2022,0
0001651992,2023,0
0001651992,2024,0
0001651992,2025,0
0001652561,2024,0
0001652561,2025,0
0001652935,2024,0
0001653653,2016,0
0001653909,2025,0
0001654595,2021,0
0001654595,2022,0
0001654595,2023,0
0001654595,2024,0
0001654595,2025,0
0001657853,2020,0
0001657853,2021,0
0001657853,2022,0
0001659323,2018,0
0001659323,2019,0
0001659323,2022,0
0001659323,2023,0
0001659323,2024,0
0001659617,2016,0
0001659617,2017,0
0001659617,2018,0
0001659617,2019,0
0001659617,2020,0
0001659617,2023,0
0001659617,2024,0
0001659617,2025,0
0001660734,2016,0
0001661053,2019,0
0001661053,2021,0
0001661053,2022,0
0001661053,2023,0
0001661053,2024,0
0001661053,2025,0
0001661059,2025,0
0001661998,2023,0
0001661998,2024,0
0001661998,2025,0
0001662579,2020,0
0001662579,2021,0
0001662579,2022,0
0001662579,2023,0
0001662579,2024,0
0001662579,2025,0
0001662684,2022,0
0001662684,2023,0
0001662684,2024,0
0001662684,2025,0
0001662991,2021,0
0001665988,2022,0
0001665988,2023,0
0001668397,2016,0
0001671502,2022,0
0001671502,2023,0
0001671502,2024,0
0001671502,2025,0
0001672013,2016,0
0001672619,2021,0
0001674227,2016,0
0001674227,2020,0
0001674227,2021,0
0001674227,2023,0
0001674227,2024,0
0001674356,2025,0
0001674416,2016,0
0001674416,2017,0
0001675149,2016,1
0001676047,2021,0
0001676047,2026,0
0001677077,2022,0
0001677077,2023,0
0001677077,2024,0
0001677077,2025,0
0001677576,2025,0
0001678105,2017,0
0001678105,2018,0
0001678105,2019,0
0001678105,2020,0
0001678105,2021,0
0001678105,2022,0
0001678105,2023,0
0001678105,2024,0
0001678105,2025,0
0001679817,2021,0
0001679817,2022,0
0001679817,2023,0
0001679817,2024,0
0001679817,2025,0
0001680132,2017,0
0001680132,2018,0
0001680132,2019,0
0001680132,2021,0
0001680132,2022,0
0001680132,2023,0
0001680132,2024,0
0001680132,2025,0
0001680139,2022,0
0001680139,2023,0
0001680139,2024,0
0001680139,2025,0
0001681087,2022,0
0001681087,2023,0
0001681087,2025,0
0001681459,2017,1
0001681556,2022,0
0001681556,2023,0
0001682149,2018,0
0001682149,2019,0
0001682149,2020,0
0001682149,2021,0
0001682149,2022,0
0001682149,2023,0
0001682149,2024,0
0001682149,2025,0
0001682639,2019,0
0001682639,2020,0
0001682639,2021,0
0001682639,2022,0
0001682639,2023,0
0001682639,2024,0
0001682639,2025,0
0001682745,2016,0
0001683553,2024,0
0001683553,2025,0
0001684144,2018,0
0001687229,2016,0
0001689548,2020,0
0001689548,2022,0
0001690080,2018,0
0001690080,2019,0
0001690080,2020,0
0001690080,2021,0
0001690080,2023,0
0001690080,2024,0
0001690080,2025,0
0001690585,2023,0
0001690680,2017,0
0001690820,2019,0
0001692787,2017,0
0001693687,2021,0
0001693687,2022,0
0001693687,2023,0
0001693687,2024,0
0001693687,2025,0
0001697500,2017,0
0001698514,2017,1
0001698990,2017,0
0001701108,2017,0
0001701108,2018,0
0001701108,2019,0
0001701108,2020,0
0001701108,2021,0
0001701108,2022,0
0001701108,2023,0
0001701108,2024,0
0001701108,2025,0
0001702924,2025,0
0001703157,2018,0
0001703157,2019,0
0001703157,2020,0
0001703157,2021,0
0001703157,2022,0
0001703157,2023,0
0001703157,2024,0
0001703157,2025,0
0001703625,2020,0
0001703625,2021,0
0001703625,2022,0
0001703625,2023,0
0001703625,2024,0
0001703625,2025,0
0001704287,2022,0
0001704287,2023,0
0001704287,2024,0
0001704287,2025,0
0001705445,2017,1
0001705696,2017,0
0001706524,2018,0
0001706524,2022,0
0001706524,2025,0
0001706946,2025,0
0001707502,2017,0
0001707502,2018,0
0001707502,2019,0
0001707502,2020,0
0001707502,2021,0
0001707502,2022,0
0001707502,2023,0
0001707502,2024,0
0001707502,2025,0
0001707910,2022,0
0001707910,2023,0
0001707910,2024,0
0001707910,2025,0
0001709628,2025,0
0001709941,2024,0
0001709941,2025,0
0001710072,2021,0
0001710072,2022,0
0001710072,2023,0
0001710072,2024,0
0001710072,2025,0
0001710495,2019,0
0001710495,2023,0
0001710495,2024,0
0001710495,2025,0
0001711141,2025,0
0001712463,2018,0
0001712762,2022,0
0001712762,2025,0
0001715819,2021,0
0001715819,2022,0
0001715819,2023,0
0001716621,2019,0
0001716621,2020,0
0001716621,2021,0
0001716621,2022,0
0001716621,2023,0
0001716621,2024,0
0001716621,2025,0
0001716947,2021,0
0001716947,2022,0
0001718500,2018,0
0001718500,2020,0
0001718500,2022,0
0001718939,2021,0
0001718939,2022,0
0001718939,2023,0
0001718939,2024,0
0001718939,2025,0
0001719406,2022,0
0001719406,2023,0
0001719406,2024,0
0001719406,2025,0
0001720424,2026,0
0001721484,2023,0
0001721484,2024,0
0001721484,2025,0
0001725911,2018,0
0001725911,2019,0
0001725911,2020,0
0001725911,2021,0
0001725911,2022,0
0001725911,2023,0
0001725911,2024,0
0001725911,2025,0
0001726079,2020,0
0001726079,2021,0
0001726079,2022,0
0001726079,2023,0
0001726079,2024,0
0001726711,2021,0
0001726711,2023,0
0001726711,2024,0
0001726711,2025,0
0001729427,2021,0
0001729427,2024,0
0001729427,2025,0
0001730168,2018,0
0001730168,2020,0
0001730168,2021,0
0001730168,2025,0
0001730430,2018,0
0001730430,2019,0
0001730430,2020,0
0001730430,2021,0
0001730430,2022,0
0001730430,2023,0
0001730430,2024,0
0001730430,2025,0
0001733861,2022,0
0001733861,2023,0
0001733861,2024,0
0001733861,2025,0
0001734750,2021,0
0001734750,2022,0
0001734750,2023,0
0001734750,2024,0
0001735707,2020,0
0001735707,2021,0
0001736243,2022,0
0001736243,2023,0
0001736243,2024,0
0001736243,2025,0
0001736730,2024,0
0001737995,2023,0
0001737995,2024,0
0001739174,2023,0
0001739174,2024,0
0001739174,2025,0
0001739566,2019,0
0001741603,2022,0
0001743745,2021,0
0001743745,2022,0
0001743745,2024,0
0001743745,2025,0
0001743881,2024,0
0001744494,2019,0
0001744494,2021,0
0001744494,2022,0
0001744494,2023,0
0001744494,2024,0
0001749723,2024,0
0001749723,2025,0
0001751707,2021,0
0001751707,2022,0
0001751707,2023,0
0001751707,2024,0
0001751707,2025,0
0001752828,2020,0
0001752828,2021,0
0001752828,2022,0
0001752828,2023,0
0001753539,2020,0
0001753539,2021,0
0001753539,2024,0
0001754068,2021,0
0001754068,2023,0
0001754068,2024,0
0001755953,2021,0
0001755953,2022,0
0001755953,2023,0
0001755953,2024,0
0001756064,2025,0
0001757499,2023,0
0001758009,2018,0
0001758009,2022,0
0001758009,2023,0
0001758009,2024,0
0001758488,2020,0
0001758699,2021,0
0001758699,2022,0
0001758699,2023,0
0001758699,2024,0
0001758699,2025,0
0001758766,2020,0
0001758766,2021,0
0001758766,2022,0
0001758766,2023,0
0001758766,2024,0
0001758766,2025,0
0001759138,2024,0
0001759138,2025,0
0001760689,2023,0
0001760689,2024,0
0001760689,2025,0
0001762239,2021,0
0001762239,2022,0
0001762239,2023,0
0001762239,2024,0
0001762239,2025,0
0001762303,2025,0
0001763329,2019,0
0001763329,2020,0
0001763329,2021,0
0001763329,2022,0
0001763329,2023,0
0001763329,2024,0
0001763329,2025,0
0001763660,2023,0
0001763660,2024,0
0001763660,2025,0
0001763950,2022,0
0001763950,2023,0
0001763950,2024,0
0001763950,2025,0
0001769624,2020,0
0001769624,2022,0
0001769624,2023,0
0001769624,2024,0
0001769624,2025,0
0001770121,2024,0
0001770121,2025,0
0001771910,2023,0
0001771995,2023,0
0001771995,2024,0
0001771995,2025,0
0001772720,2025,0
0001773751,2021,0
0001773751,2022,0
0001773751,2024,0
0001773751,2025,0
0001774857,2024,0
0001774857,2025,0
0001777319,2022,0
0001777319,2023,0
0001777319,2025,0
0001780312,2023,0
0001780312,2024,0
0001781162,2023,0
0001781162,2024,0
0001781162,2025,0
0001782107,2023,0
0001782107,2024,0
0001782107,2025,0
0001784535,2024,0
0001785173,2019,0
0001785173,2020,0
0001785173,2021,0
0001785173,2022,0
0001786248,2025,0
0001786471,2025,0
0001787400,2020,0
0001787400,2021,0
0001787400,2022,0
0001787400,2023,0
0001787400,2024,0
0001787400,2025,0
0001789192,2019,0
0001789192,2020,0
0001792580,2019,0
0001792789,2023,0
0001792849,2020,0
0001792941,2020,0
0001792941,2021,0
0001792941,2022,0
0001794783,2022,0
0001795250,2024,0
0001796280,2021,0
0001796514,2023,0
0001798562,2022,0
0001798562,2023,0
0001798562,2024,0
0001798562,2025,0
0001799011,2023,0
0001799011,2024,0
0001799011,2025,0
0001800315,2024,0
0001800315,2025,0
0001800373,2020,0
0001800373,2021,0
0001800373,2022,0
0001800373,2023,0
0001800373,2024,0
0001802450,2021,0
0001802450,2022,0
0001802450,2023,0
0001802450,2024,0
0001803901,2020,0
0001803914,2023,0
0001803914,2025,0
0001805077,2020,0
0001805077,2021,0
0001805077,2022,0
0001805077,2023,0
0001805077,2024,0
0001805077,2025,0
0001805526,2024,0
0001805651,2020,0
0001806952,2021,0
0001806952,2022,0
0001806952,2023,0
0001806952,2024,0
0001806952,2025,0
0001807616,2023,0
0001807689,2025,0
0001807765,2021,0
0001808220,2025,0
0001809750,2022,0
0001809750,2023,0
0001809750,2024,0
0001809750,2025,0
0001809987,2023,0
0001809987,2024,0
0001810560,2022,0
0001810560,2023,0
0001810560,2024,0
0001810560,2025,0
0001811115,2023,0
0001811115,2024,0
0001811999,2020,0
0001811999,2021,0
0001811999,2022,0
0001811999,2023,0
0001811999,2024,0
0001811999,2025,0
0001812360,2023,0
0001812360,2024,0
0001812360,2025,0
0001814114,2021,0
0001814114,2022,0
0001814114,2023,0
0001814114,2024,0
0001814114,2025,0
0001814215,2021,0
0001814215,2022,0
0001814215,2023,0
0001814215,2024,0
0001814215,2025,0
0001814287,2021,0
0001814287,2022,0
0001814287,2023,0
0001814287,2025,0
0001815903,2022,0
0001815903,2023,0
0001815903,2024,0
0001815903,2025,0
0001816017,2020,0
0001816017,2024,0
0001816017,2025,0
0001816581,2020,0
0001816581,2021,0
0001816708,2022,0
0001816708,2023,0
0001816708,2024,0
0001816708,2025,0
0001817004,2021,0
0001817004,2022,0
0001817004,2023,0
0001817004,2025,0
0001817229,2020,0
0001817229,2021,0
0001817229,2022,0
0001817229,2023,0
0001817229,2024,0
0001817511,2024,0
0001818331,2021,0
0001818331,2022,0
0001818331,2023,0
0001818331,2024,0
0001818382,2025,0
0001819253,2021,0
0001819404,2020,0
0001819438,2020,0
0001819438,2021,0
0001819438,2023,0
0001819438,2024,0
0001819438,2025,0
0001819493,2023,0
0001819493,2024,0
0001819493,2025,0
0001819576,2020,0
0001819576,2021,0
0001819576,2022,0
0001819576,2023,0
0001819576,2024,0
0001819989,2021,0
0001819989,2022,0
0001819989,2023,0
0001819989,2024,0
0001820190,2021,0
0001820190,2022,0
0001820190,2023,0
0001820190,2024,0
0001820190,2025,0
0001820872,2021,0
0001821586,2021,0
0001821586,2022,0
0001822791,2021,0
0001822791,2022,0
0001822791,2023,0
0001822791,2024,0
0001822791,2025,0
0001822966,2021,0
0001822966,2022,0
0001822966,2023,0
0001823584,2021,0
0001823584,2022,0
0001823584,2023,0
0001823587,2020,0
0001823652,2020,0
0001823652,2021,0
0001824502,2025,0
0001824893,2021,0
0001824893,2022,0
0001824893,2023,0
0001824893,2024,0
0001824893,2025,0
0001824920,2020,0
0001825024,2020,0
0001825079,2023,0
0001825079,2024,0
0001825079,2025,0
0001825452,2022,0
0001825452,2023,0
0001825452,2024,0
0001825452,2025,0
0001826667,2021,0
0001826667,2022,0
0001826667,2023,0
0001826667,2024,0
0001826667,2025,0
0001827635,2025,0
0001828536,2021,0
0001828536,2022,0
0001828536,2024,0
0001828536,2025,0
0001828673,2023,0
0001828673,2024,0
0001828673,2025,0
0001828972,2023,0
0001828972,2024,0
0001828972,2025,0
0001829247,2024,0
0001829247,2025,0
0001829794,2021,0
0001829794,2022,0
0001829794,2023,0
0001829794,2024,0
0001829794,2025,0
0001829802,2020,0
0001829802,2021,0
0001829802,2024,0
0001829802,2025,0
0001829864,2021,0
0001830033,2022,0
0001830033,2023,0
0001830033,2024,0
0001830033,2025,0
0001831097,2021,0
0001831097,2023,0
0001831097,2024,0
0001831097,2025,0
0001831359,2021,0
0001831359,2022,0
0001831359,2023,0
0001831359,2024,0
0001831359,2025,0
0001831979,2024,0
0001831979,2025,0
0001832161,2021,0
0001832161,2022,0
0001832487,2020,0
0001832487,2021,0
0001832487,2022,0
0001832487,2023,0
0001832487,2024,0
0001833214,2022,0
0001833214,2023,0
0001833214,2024,0
0001834032,2021,0
0001834032,2022,0
0001834032,2023,0
0001834032,2024,0
0001834032,2025,0
0001834526,2024,0
0001834526,2025,0
0001835856,2022,0
0001835856,2023,0
0001837014,2021,0
0001837014,2022,0
0001837240,2021,0
0001837254,2025,0
0001837774,2021,0
0001837774,2022,0
0001837774,2023,0
0001837774,2024,0
0001837774,2025,0
0001838163,2021,0
0001838163,2022,0
0001838163,2023,0
0001838163,2024,0
0001838359,2021,0
0001838987,2021,0
0001838987,2022,0
0001838987,2024,0
0001838987,2025,0
0001839140,2025,0
0001839285,2023,0
0001839285,2024,0
0001839341,2022,0
0001839341,2023,0
0001839341,2024,0
0001839530,2022,0
0001839530,2023,0
0001839530,2024,0
0001840102,2021,0
0001840102,2022,0
0001840102,2023,0
0001840102,2024,0
0001840102,2025,0
0001840229,2023,0
0001840229,2024,0
0001840229,2025,0
0001840233,2023,0
0001840233,2024,0
0001840425,2022,0
0001840425,2023,0
0001840425,2024,0
0001840425,2025,0
0001840439,2022,0
0001840439,2023,0
0001840439,2024,0
0001840439,2025,0
0001840780,2021,0
0001840780,2022,0
0001840780,2023,0
0001840780,2024,0
0001840780,2025,0
0001841387,2021,0
0001841387,2023,0
0001841387,2024,0
0001841425,2021,0
0001841666,2021,0
0001841666,2022,0
0001841666,2025,0
0001842556,2021,0
0001842556,2023,0
0001842566,2021,0
0001842566,2023,0
0001842566,2024,0
0001842566,2025,0
0001842939,2021,0
0001842939,2022,0
0001842939,2023,0
0001842939,2024,0
0001842939,2025,0
0001842952,2023,0
0001843165,2023,0
0001843165,2024,0
0001843165,2025,0
0001843714,2022,0
0001843714,2023,0
0001843714,2024,0
0001843724,2021,0
0001843724,2023,0
0001843724,2024,0
0001843724,2025,0
0001843973,2021,0
0001843973,2022,0
0001843973,2023,0
0001844417,2022,0
0001844417,2024,0
0001844417,2025,0
0001844505,2021,0
0001844505,2022,0
0001844505,2025,0
0001844862,2021,0
0001844971,2022,0
0001844971,2023,0
0001844971,2024,0
0001844971,2025,0
0001845149,2022,0
0001845149,2023,0
0001845149,2024,0
0001845437,2022,0
0001846084,2021,0
0001846084,2022,0
0001846084,2023,0
0001846084,2024,0
0001846084,2025,0
0001846235,2023,0
0001846235,2024,0
0001846235,2025,0
0001846235,2026,0
0001847064,2022,0
0001847367,2024,0
0001848898,2021,0
0001848898,2023,0
0001849056,2021,0
0001849056,2022,0
0001849056,2023,0
0001849056,2024,0
0001849056,2025,0
0001849221,2024,0
0001849221,2025,0
0001849635,2021,0
0001849635,2022,0
0001849635,2023,0
0001849820,2021,0
0001849820,2023,0
0001849820,2024,0
0001849820,2025,0
0001850059,2024,0
0001850059,2025,0
0001850270,2021,0
0001850270,2022,0
0001850902,2022,0
0001850902,2023,0
0001850902,2024,0
0001851909,2021,0
0001851909,2022,0
0001851909,2023,0
0001851909,2024,0
0001851909,2025,0
0001851959,2021,0
0001851959,2022,0
0001851959,2023,0
0001851959,2024,0
0001851959,2025,0
0001851961,2021,0
0001851961,2022,0
0001851961,2023,0
0001851961,2024,0
0001851961,2025,0
0001852207,2025,0
0001852353,2022,0
0001852353,2023,0
0001852353,2024,0
0001852767,2021,0
0001852767,2022,0
0001852973,2021,0
0001852973,2023,0
0001852973,2024,0
0001852973,2025,0
0001853138,2023,0
0001853138,2024,0
0001853138,2025,0
0001853816,2021,0
0001853816,2022,0
0001853816,2023,0
0001853816,2024,0
0001853816,2025,0
0001853962,2024,0
0001854149,2024,0
0001854149,2025,0
0001854368,2025,0
0001854445,2021,0
0001854445,2022,0
0001854445,2023,0
0001854445,2024,0
0001854463,2021,0
0001854463,2022,0
0001854463,2023,0
0001854463,2025,0
0001854480,2021,0
0001854480,2022,0
0001854480,2023,0
0001854480,2025,0
0001854816,2022,0
0001854816,2023,0
0001854816,2024,0
0001854816,2025,0
0001854816,2026,0
0001854963,2022,0
0001854963,2024,0
0001854963,2025,0
0001854964,2024,0
0001854964,2025,0
0001855447,2021,0
0001855447,2022,0
0001855447,2024,0
0001855447,2025,0
0001855467,2021,0
0001855467,2022,0
0001855467,2024,0
0001855474,2022,0
0001855474,2023,0
0001855474,2025,0
0001855485,2021,0
0001855485,2022,0
0001855485,2023,0
0001855485,2025,0
0001855509,2025,0
0001855644,2021,0
0001855644,2023,0
0001855644,2025,0
0001857910,2022,0
0001857910,2023,0
0001857910,2024,0
0001858007,2023,0
0001858007,2024,0
0001858681,2022,0
0001858681,2024,0
0001858685,2023,0
0001858685,2025,0
0001859035,2023,0
0001859035,2024,0
0001859035,2025,0
0001859199,2024,0
0001859199,2025,0
0001859807,2023,0
0001859807,2025,0
0001860782,2021,0
0001860782,2022,0
0001860782,2023,0
0001860782,2024,0
0001861123,2025,0
0001862150,2021,0
0001862150,2022,0
0001862463,2021,0
0001862463,2022,0
0001862463,2024,0
0001865111,2021,0
0001865111,2022,0
0001865111,2023,0
0001865248,2022,0
0001865248,2023,0
0001865248,2025,0
0001865248,2026,0
0001865468,2022,0
0001865468,2023,0
0001865494,2021,0
0001865494,2022,0
0001865494,2023,0
0001865494,2024,0
0001865506,2021,0
0001865506,2022,0
0001865506,2024,0
0001865506,2025,0
0001866226,2021,0
0001866226,2023,0
0001866226,2024,0
0001866226,2025,0
0001866838,2025,0
0001868419,2022,0
0001868419,2023,0
0001868419,2024,0
0001868419,2025,0
0001868640,2021,0
0001868640,2022,0
0001868640,2024,0
0001869601,2022,0
0001869601,2023,0
0001871181,2022,0
0001871181,2023,0
0001871181,2024,0
0001871638,2022,0
0001871638,2023,0
0001871638,2024,0
0001871638,2025,0
0001872228,2025,0
0001874252,2025,0
0001874315,2024,0
0001874315,2025,0
0001876716,2022,0
0001876716,2023,0
0001877461,2021,0
0001877461,2022,0
0001877461,2023,0
0001877461,2024,0
0001877461,2025,0
0001877557,2021,0
0001877557,2022,0
0001877557,2023,0
0001877557,2024,0
0001878848,2025,0
0001878897,2021,0
0001878897,2024,0
0001878897,2025,0
0001879016,2024,0
0001879016,2025,0
0001879293,2022,0
0001879293,2023,0
0001879293,2024,0
0001879293,2025,0
0001879814,2022,0
0001879814,2023,0
0001879814,2024,0
0001879814,2025,0
0001880431,2023,0
0001880431,2024,0
0001881487,2022,0
0001881487,2023,0
0001882198,2022,0
0001882198,2024,0
0001882198,2025,0
0001883814,2025,0
0001884046,2023,0
0001884046,2024,0
0001884046,2025,0
0001884164,2021,0
0001884164,2022,0
0001884164,2023,0
0001884164,2024,0
0001886362,2024,0
0001886362,2025,0
0001888654,2022,0
0001888654,2023,0
0001888654,2024,0
0001888654,2025,0
0001889123,2025,0
0001889983,2025,0
0001890361,2024,0
0001890361,2025,0
0001892292,2024,0
0001892492,2023,0
0001892492,2024,0
0001892747,2024,0
0001892747,2025,0
0001894525,2025,0
0001894954,2022,0
0001894954,2023,0
0001894954,2024,0
0001894954,2025,0
0001897245,2024,0
0001897245,2025,0
0001897463,2024,0
0001897463,2025,0
0001898766,2023,0
0001898766,2024,0
0001898766,2025,0
0001901336,2023,0
0001901336,2024,0
0001901336,2025,0
0001903595,2024,0
0001903595,2025,0
0001904286,2023,0
0001904286,2024,0
0001904286,2025,0
0001905956,2022,0
0001905956,2023,0
0001905956,2024,0
0001905956,2025,0
0001907223,2023,0
0001907982,2022,0
0001907982,2023,0
0001907982,2024,0
0001910975,2023,0
0001910975,2024,0
0001910975,2025,0
0001910975,2026,0
0001911545,2023,0
0001911545,2024,0
0001911545,2025,0
0001913577,2022,0
0001913577,2023,0
0001913577,2025,0
0001915328,2022,0
0001915328,2023,0
0001915328,2024,0
0001915328,2025,0
0001918102,2022,0
0001918102,2023,0
0001918102,2024,0
0001918102,2025,0
0001918414,2025,0
0001921865,2022,0
0001921865,2023,0
0001930021,2024,0
0001930021,2025,0
0001935979,2022,0
0001935979,2023,0
0001935979,2024,0
0001935979,2025,0
0001936224,2023,0
0001936224,2024,0
0001937891,2023,0
0001937891,2024,0
0001937926,2024,0
0001937993,2022,0
0001937993,2024,0
0001938046,2023,0
0001938046,2024,0
0001938046,2025,0
0001938338,2022,0
0001938338,2023,0
0001938338,2024,0
0001938338,2025,0
0001940243,2025,0
0001941029,2025,0
0001946021,2022,0
0001946021,2023,0
0001946021,2024,0
0001946021,2025,0
0001946563,2025,0
0001947861,2023,0
0001947861,2024,0
0001947861,2025,0
0001948864,2024,0
0001948864,2025,0
0001949864,2024,0
0001949864,2025,0
0001953984,2025,0
0001956439,2025,0
0001956648,2025,0
0001956955,2023,0
0001959023,2023,0
0001959023,2025,0
0001961847,2023,0
0001963088,2023,0
0001963088,2025,0
0001964979,2023,0
0001964979,2024,0
0001964979,2025,0
0001965052,2024,0
0001965052,2025,0
0001966983,2024,0
0001966983,2025,0
0001969475,2023,0
0001970622,2023,0
0001970622,2024,0
0001971532,2023,0
0001971532,2024,0
0001971532,2025,0
0001972234,2025,0
0001973056,2023,0
0001973056,2024,0
0001974640,2023,0
0001974640,2024,0
0001974640,2025,0
0001975940,2025,0
0001976663,2024,0
0001976663,2025,0
0001978111,2024,0
0001978111,2025,0
0001978528,2023,0
0001978528,2024,0
0001978528,2025,0
0001979414,2025,0
0001980295,2024,0
0001980295,2025,0
0001980845,2023,0
0001980845,2024,0
0001980845,2025,0
0001984086,2024,0
0001989788,2024,0
0001989788,2025,0
0001990446,2023,0
0001990446,2024,0
0001994373,2024,0
0001994373,2025,0
0001994582,2024,0
0001994582,2025,0
0001994624,2024,0
0001997296,2024,0
0001997296,2025,0
0001997652,2024,0
0001997652,2025,0
0002000410,2024,0
0002002038,2024,0
0002006291,2024,0
0002006291,2025,0
0002006815,2024,0
0002006815,2025,0
0002007825,2025,0
0002010653,2024,0
0002010653,2025,0
0002010930,2025,0
0002012318,2025,0
0002012807,2024,0
0002012807,2025,0
0002013807,2024,0
0002013807,2025,0
0002014982,2025,0
0002015502,2025,0
0002015947,2025,0
0002015955,2025,0
0002016072,2025,0
0002016221,2024,0
0002017526,2025,0
0002017950,2024,0
0002018145,2024,0
0002018145,2025,0
0002020385,2025,0
0002022308,2024,0
0002022308,2025,0
0002022416,2024,0
0002022416,2025,0
0002023016,2025,0
0002023730,2024,0
0002023730,2025,0
0002024203,2024,0
0002024203,2025,0
0002024459,2024,0
0002024459,2025,0
0002024460,2025,0
0002025341,2025,0
0002026767,2025,0
0002028027,2025,0
0002028201,2024,0
0002028201,2025,0
0002028336,2024,0
0002028336,2025,0
0002028355,2024,0
0002028355,2025,0
0002028614,2024,0
0002028614,2025,0
0002028699,2025,0
0002028935,2024,0
0002028935,2025,0
0002029976,2025,0
0002030482,2025,0
0002030829,2025,0
0002032341,2025,0
0002032528,2024,0
0002032528,2025,0
0002032950,2024,0
0002032950,2025,0
0002033383,2025,0
0002033991,2025,0
0002034288,2025,0
0002034334,2025,0
0002035016,2024,0
0002035016,2025,0
0002035173,2025,0
0002036042,2024,0
0002036042,2025,0
0002038564,2025,0
0002039273,2025,0
0002040381,2025,0
0002040475,2025,0
0002043630,2025,0
0002043766,2025,0
0002044725,2025,0
0002045473,2025,0
0002047455,2025,0
0002047497,2025,0
0002048951,2025,0
0002049248,2025,0
0002049662,2025,0
0002050501,2025,0
0002051380,2025,0
0002052161,2025,0
0002052162,2025,0
0002052547,2025,0
0002053641,2025,0
0002053799,2025,0
0002054272,2025,0
0002056634,2025,0
0002059165,2025,0
0002063816,2025,0
0002064355,2025,0
0002065779,2025,0
0002067592,2025,0
0002068454,2025,0
0002069856,2025,0
0002070849,2025,0
0002070900,2026,0
0002071288,2025,0
0002071778,2025,0
0002072404,2025,0
0002073553,2025,0
0002074850,2025,0
0002075320,2025,0
0002075336,2025,0
0002076163,2025,0
0002077709,2025,0
0002079173,2025,0
0002080019,2025,0
0002081909,2025,0
0002082542,2025,0
0002083689,2025,0
0002087087,2025,0
0002089982,2025,0
